"PRODUCT_SKU";"CAT_1";"CAT_2";"PICTURE_URL";"BRAND";"SHIPPED_ITEM";"SHIPPED_ITEM_BEF_REJECTION";"GRS_REVENUE_BEF_REJECTION";"GRS_REVENUE_BEF_CANCELLATION";"AVAIL_BY_SIZE";"PAGE_VIEWS";"VISITORS";"IMPRESSIONS";"CLICS";"STOCK";"AVAILABILITY";"CURRENT_SELLOUT_ITEMS";"BLACKPRICE";"DISCOUTPRICE";"GROSSTURNOVEER";"RANK"
"CA559AWLE576";"FOOTWEAR";"ANKLE BOOTS";"/C/A/CA559AWLE576_1.jpg";"Casadei";2;4;97462;2079680;"36:0 | 37:0 | 38:0 | 39:0 | 40:0 | Grand total:0";280;113;5806;107;0;0;0,25;64990;25990;0;1
"GI634AWIZ104";"FOOTWEAR";"ANKLE BOOTS";"/G/I/GI634AWIZ104_1.jpg";"Gianmarco Lorenzi";1;3;105779,875997724180492014694275805979202;1382504,49800601710731764533696527648527;"36:0 | 37:0 | 38:0 | 40:1 | 39:2 | Grand total:3";232;193;36881;169;3;0,4;0,5555555555555555555555555555555555555556;51490;30890;11,14285714285714285714285714285714285714;2
"SI293AWCQJ32";"FOOTWEAR";"ANKLE BOOTS";"/S/I/SI293AWCQJ32_1.jpg";"Sinta";2;7;20053,4720005995516263005084413099438232;1116764,50451342334838951685716817102615;"36:0 | 37:0 | 38:0 | 39:0 | 40:0 | 41:0 | Grand total:0";356;236;39749;258;0;0;0,9382716049382716049382716049382716049383;4990;2740;0;3
"VA468AWCMJ05";"FOOTWEAR";"ANKLE BOOTS";"/V/A/VA468AWCMJ05_1.jpg";"Vagabond";89;164;848566,9340120377760631000961327555498982;956921,1462150417759131786492358460805934;"36:0 | 37:0 | 40:0 | 38:1 | 39:1 | 41:1 | Grand total:3";8114;5710;394512;3758;3;0,5;0,787037037037037037037037037037037037037;5490;5490;48,45454545454545454545454545454545454549;4
"LA002AWBOE83";"FOOTWEAR";"ANKLE BOOTS";"/L/A/LA002AWBOE83_1.jpg";"Lamania";229;281;370491,9081903900532296107303476141582621;945442,9214374881443144127118347899339393;"36:0 | 38:0 | 39:0 | 40:0 | 37:1 | Grand total:1";13826;10873;1282698;12349;1;0,2;0,6370023419203747072599531615925058548009;2490;1240;30,44166666666666666666666666666666666671;5
"GI634AWIZ105";"FOOTWEAR";"ANKLE BOOTS";"/G/I/GI634AWIZ105_1.jpg";"Gianmarco Lorenzi";2;2;54057;875330;"36:0 | 37:0 | 38:0 | 40:0 | 39:1 | Grand total:1";88;57;3101;23;1;0,2;0,6666666666666666666666666666666666666667;51490;30890;26;6
"LA002AWBOE48";"FOOTWEAR";"ANKLE BOOTS";"/L/A/LA002AWBOE48_1.jpg";"Lamania";243;284;363951,437223416471587280252881958861512;870928,7146384543953439243214367977890955;"36:0 | 38:0 | 37:1 | 40:13 | 39:25 | Grand total:39";13294;10460;1367632;13376;39;0,6;0,5714285714285714285714285714285714285714;2490;1240;24,05211726384364820846905537459283387618;7
"SI293AWDBS01";"FOOTWEAR";"ANKLE BOOTS";"/S/I/SI293AWDBS01_1.jpg";"Sinta";6;8;19503,272499889456735003758471009872212;855882,5999748185803912285409171510301006;"36:0 | 37:0 | 38:0 | 39:0 | 40:0 | Grand total:0";482;360;51584;385;0;0;0,75;5190;3110;41,6;8
"CA559AWCCP38";"FOOTWEAR";"ANKLE BOOTS";"/C/A/CA559AWCCP38_1.jpg";"Casadei";3;3;111347;854810;"36:0 | 38:0 | 37:1 | 39:1 | 40:1 | Grand total:3";260;233;32486;168;3;0,6;0,5;44990;40490;13;9
"LA002AWCUV20";"FOOTWEAR";"ANKLE BOOTS";"/L/A/LA002AWCUV20_1.jpg";"Lamania";131;217;746708,6655873033496014400775797819223114;821490,889537504647086706411230763268229;"35:0 | 39:0 | 38:2 | 36:17 | 37:30 | Grand total:49";7870;6080;400132;5438;49;0,6;0,6285714285714285714285714285714285714286;3490;3490;26,12037037037037037037037037037037037038;10
"LO019AWCSX16";"FOOTWEAR";"ANKLE BOOTS";"/L/O/LO019AWCSX16_sprite_v1.jpg";"LOST INK.";162;250;658191,1242621213091880569678816615051424;821327,4678075441334626628036469542728392;"36:0 | 40:0 | 37:21 | 38:54 | 39:90 | Grand total:165";9226;7237;409623;2456;165;0,6;0,4766536964980544747081712062256809338521;3490;3490;13,74207188160676532769556025369978858349;11
"LA002AWBMP61";"FOOTWEAR";"ANKLE BOOTS";"/L/A/LA002AWBMP61_1.jpg";"Lamania";160;204;355053,8725420865155318587518976405421975;729538,3002258656952313982325935999142247;"36:0 | 38:4 | 40:13 | 37:15 | 39:50 | Grand total:82";6628;4988;619127;4044;82;0,8;0,6022304832713754646840148698884758364312;2990;1940;17,39016393442622950819672131147540983604;12
"LA002AWCVU02";"FOOTWEAR";"ANKLE BOOTS";"/L/A/LA002AWCVU02_1.jpg";"Lamania";222;325;632221,5311876773942206084851366280535129;716756,026835849711929483065991277345507;"35:0 | 39:2 | 38:24 | 36:25 | 37:49 | Grand total:100";9631;6762;789991;6143;100;0,8;0,4577464788732394366197183098591549295775;1990;1990;18,86160714285714285714285714285714285718;13
"GI634AWIZ100";"FOOTWEAR";"ANKLE BOOTS";"/G/I/GI634AWIZ100_1.jpg";"Gianmarco Lorenzi";1;1;26290;702240;"36:0 | 37:0 | 38:0 | 40:0 | 39:1 | Grand total:1";104;40;2241;15;1;0,2;0,25;43890;26290;26;14
"VA468AWCMI37";"FOOTWEAR";"ANKLE BOOTS";"/V/A/VA468AWCMI37_1.jpg";"Vagabond";57;106;602925,3120201844009329826310151275858619;684598,9212005460492774004763942941194857;"36:0 | 37:0 | 38:0 | 39:0 | 40:0 | 41:0 | Grand total:0";3714;2143;140920;1300;0;0;0,7619047619047619047619047619047619047619;5990;5990;46,71186440677966101694915254237288135593;15
"CA559AWLE570";"FOOTWEAR";"ANKLE BOOTS";"/C/A/CA559AWLE570_1.jpg";"Casadei";2;2;22946;654960;"36:0 | 37:0 | 38:0 | 39:0 | 40:0 | Grand total:0";115;53;1997;34;0;0;0,5;27290;16390;0;16
"LA002AWBOE67";"FOOTWEAR";"ANKLE BOOTS";"/L/A/LA002AWBOE67_1.jpg";"Lamania";177;220;266135,7277467196152816354111809747292801;642485,0358648780851596177178452495837831;"36:0 | 38:0 | 40:0 | 39:6 | 37:26 | Grand total:32";8371;6728;966287;5749;32;0,4;0,6865671641791044776119402985074626865672;2490;1240;25,3097345132743362831858407079646017699;17
"GI634AWIZ099";"FOOTWEAR";"ANKLE BOOTS";"/G/I/GI634AWIZ099_1.jpg";"Gianmarco Lorenzi";2;2;41982;639840;"36:0 | 37:0 | 38:0 | 40:0 | 39:1 | Grand total:1";65;48;6896;40;1;0,2;0,7142857142857142857142857142857142857143;39990;23990;52;18
"LA002AWBOK53";"FOOTWEAR";"ANKLE BOOTS";"/L/A/LA002AWBOK53_1.jpg";"Lamania";115;172;281542,0108465370151207529301369768998904;563288,5082132163769818725712404778096082;"36:0 | 40:5 | 37:9 | 38:13 | 39:34 | Grand total:61";3936;2951;614272;2113;61;0,8;0,5899053627760252365930599369085173501577;2990;1790;18,17886178861788617886178861788617886174;19
"LA002AWBOK43";"FOOTWEAR";"ANKLE BOOTS";"/L/A/LA002AWBOK43_1.jpg";"Lamania";115;173;278024,9880406769493550939881885422887791;548245,3426110970723441740362238340269394;"36:0 | 37:0 | 38:0 | 39:0 | 40:2 | Grand total:2";9499;7831;833755;7136;2;0,2;0,8159392789373814041745730550284629981025;2790;1670;42,43396226415094339622641509433962264148;20
"LA002AWBOE64";"FOOTWEAR";"ANKLE BOOTS";"/L/A/LA002AWBOE64_1.jpg";"Lamania";131;172;211421,1675236616585499777033959176709384;546381,8160196776604958184236415953474981;"40:1 | 38:15 | 36:18 | 39:25 | 37:37 | Grand total:96";4536;3242;797223;2810;96;1;0,474842767295597484276729559748427672956;2690;1340;14,37942122186495176848874598070739549833;21
"DO005AWDGK12";"FOOTWEAR";"ANKLE BOOTS";"/D/O/DO005AWDGK12_1.jpg";"Dorothy Perkins";68;144;166007,8302798454400188508534951851523801;519211,0479956461056133095838991823456801;"7:0 | 8:0 | 5:7 | 6:11 | 4:12 | 3:14 | Grand total:44";4989;3830;695931;2569;44;0,666666667;0,3831168831168831168831168831168831168831;3190;1750;21,39428571428571428571428571428571428577;22
"EL242AWCRI36";"FOOTWEAR";"ANKLE BOOTS";"/E/L/EL242AWCRI36_1.jpg";"Elche";6;8;12778,6450000423412220696909973313255726;518466,6969762226233572449731807886309605;"36:0 | 37:0 | 38:0 | 39:0 | 40:0 | Grand total:0";1233;921;78476;748;0;0;0,92;2290;1710;41,6;23
"GI634AWIZ107";"FOOTWEAR";"ANKLE BOOTS";"/G/I/GI634AWIZ107_1.jpg";"Gianmarco Lorenzi";1;1;19790;503860;"36:0 | 37:0 | 38:0 | 40:0 | 39:1 | Grand total:1";40;29;1909;17;1;0,2;0,3333333333333333333333333333333333333333;35990;19790;26;24
"DO005AWDIW17";"FOOTWEAR";"ANKLE BOOTS";"/D/O/DO005AWDIW17_1.jpg";"Dorothy Perkins";62;111;214775,6197596071999910064755816411732825;473381,4116063165683879726250844865449253;"7:0 | 8:0 | 3:4 | 5:5 | 4:6 | 6:15 | Grand total:30";3203;2596;634191;2054;30;0,666666667;0,4084507042253521126760563380281690140845;3690;2210;20,46808510638297872340425531914893617021;25
"VA468AWDTS54";"FOOTWEAR";"ANKLE BOOTS";"/V/A/VA468AWDTS54_1_v1.jpg";"Vagabond";25;57;359681,9299999899375514401474091337271692;458594,5852179848538927720732097273058571;"37:0 | 40:0 | 39:2 | 38:5 | Grand total:7";1976;1498;332638;1254;7;0,5;0,6216216216216216216216216216216216216216;6890;6890;34,46511627906976744186046511627906976746;26
"LA002AWBOE63";"FOOTWEAR";"ANKLE BOOTS";"/L/A/LA002AWBOE63_1.jpg";"Lamania";118;154;184977,7976885328007595730793839491194475;454767,178819559478394818644134985028967;"36:0 | 37:0 | 40:0 | 38:1 | 39:9 | Grand total:10";3781;2848;506423;2357;10;0,4;0,7834549878345498783454987834549878345499;2490;1240;30,10526315789473684210526315789473684216;27
"AL028AWCWG86";"FOOTWEAR";"ANKLE BOOTS";"/A/L/AL028AWCWG86_1.jpg";"Aldo";21;38;196726;430760;"36:0 | 39:1 | 41:1 | 40:2 | 37:3 | 38:5 | Grand total:12";872;667;116085;522;12;0,833333333;0,3714285714285714285714285714285714285714;9790;6850;21,95555555555555555555555555555555555557;28
"DO005AWDIW19";"FOOTWEAR";"ANKLE BOOTS";"/D/O/DO005AWDIW19_1.jpg";"Dorothy Perkins";54;100;186658,6483128198484185319269629999307586;419190,3422062227775449342482454986677237;"3:0 | 4:0 | 5:0 | 6:0 | 8:0 | 7:1 | Grand total:1";3547;2852;463512;2223;1;0,166666667;0,5686274509803921568627450980392156862745;3790;2270;54,16666666666666666666666666666666666671;29
"BA097AWDEC61";"FOOTWEAR";"ANKLE BOOTS";"/B/A/BA097AWDEC61_1.jpg";"Baldinini";5;9;232841,186004366802303254912198080236755;407969,186004366802303254912198080236755;"36:0 | 37:0 | 38:0 | 40:0 | 39:1 | Grand total:1";663;555;70319;338;1;0,2;0,5333333333333333333333333333333333333333;34990;31490;46,8;30
"LA002AWBOK56";"FOOTWEAR";"ANKLE BOOTS";"/L/A/LA002AWBOK56_1.jpg";"Lamania";70;99;152035,4216418224068840418247989022424582;391484,8046990951502968078032935978366082;"36:0 | 37:0 | 39:0 | 40:0 | 38:1 | Grand total:1";2529;1898;348406;1228;1;0,2;0,6903225806451612903225806451612903225806;3490;1740;33,86842105263157894736842105263157894743;31
"BU902AWCUT79";"FOOTWEAR";"ANKLE BOOTS";"/B/U/BU902AWCUT79_1.jpg";"Buffalo London";18;35;162277,0091510576057241666077195631210349;389290,8345040040556835217600863791397825;"36:0 | 37:0 | 38:0 | 39:0 | 40:0 | 41:0 | Grand total:0";1777;1212;71936;757;0;0;0,7528089887640449438202247191011235955056;8990;5840;227,5;32
"SC963AWCMO45";"FOOTWEAR";"ANKLE BOOTS";"/S/C/SC963AWCMO45_1.jpg";"Schutz";2;3;18456,8421506514054429193172004089889596;377054,2244970166371373179161099371005276;"34:0 | 36:0 | 37:0 | 38:0 | 39:0 | 40:0 | 41:0 | Grand total:0";525;371;13096;212;0;0;0,2916666666666666666666666666666666666667;9390;6100;26;33
"BA097AWCRG52";"FOOTWEAR";"ANKLE BOOTS";"/B/A/BA097AWCRG52_1.jpg";"Baldinini";6;10;177516,0548026547844466145757601573889676;375728,034003441387245611487096500319032;"36:0 | 37:0 | 38:0 | 39:0 | 40:0 | Grand total:0";539;431;75836;301;0;0;0,7142857142857142857142857142857142857143;27490;24740;52;34
"DO005AWCIM67";"FOOTWEAR";"ANKLE BOOTS";"/D/O/DO005AWCIM67_1.jpg";"Dorothy Perkins";72;107;145557,3430580882497944520411155814049589;357708,7942148474509399567239108309611859;"8:0 | 7:7 | 3:45 | 4:49 | 6:61 | 5:66 | Grand total:228";5414;4293;847656;3044;228;0,833333333;0,1501501501501501501501501501501501501502;2990;1790;5,2195121951219512195121951219512195122;35
"RO233AWCQB80";"FOOTWEAR";"ANKLE BOOTS";"/R/O/RO233AWCQB80_1.jpg";"Roberto Botticelli";3;11;185829,2148017340557974042744868939265048;347513,7050032799023408030720586136094591;"36:0 | 37:0 | 38:0 | 39:0 | 40:0 | Grand total:0";332;236;39120;168;0;0;0,625;26990;22940;95,33333333333333333333333333333333333329;36
"MA266AWDEF48";"FOOTWEAR";"ANKLE BOOTS";"/M/A/MA266AWDEF48_1.jpg";"Marc O'Polo";17;24;140273,3701712288993546302598033654927472;344099,866581522155667208415488227030171;"4,5:0 | 4:0 | 5,5:0 | 6,5:0 | 6:0 | 7:1 | 3,5:2 | 5:3 | Grand total:6";997;720;217354;568;6;0,375;0,4;12990;9090;21,51724137931034482758620689655172413794;37
"LA002AWBOK54";"FOOTWEAR";"ANKLE BOOTS";"/L/A/LA002AWBOK54_1.jpg";"Lamania";72;105;182175,2845471677440001828414646628883439;343687,8912028617756068762935258430693119;"36:0 | 37:0 | 40:0 | 38:1 | 39:36 | Grand total:37";3462;2460;390842;1353;37;0,4;0,7188498402555910543130990415335463258786;2990;1940;18,2;38
"DO005AWBWC33";"FOOTWEAR";"ANKLE BOOTS";"/D/O/DO005AWBWC33_1.jpg";"Dorothy Perkins";84;109;119234,6817263648062894013090004278724541;337173,0330117328175674294529283810072255;"7:0 | 8:0 | 5:14 | 3:21 | 6:27 | 4:34 | Grand total:96";5426;4062;727326;2876;96;0,666666667;0,4226804123711340206185567010309278350515;2490;1240;10,4962962962962962962962962962962962963;39
"AS069AWCTM74";"FOOTWEAR";"ANKLE BOOTS";"/A/S/AS069AWCTM74_1.jpg";"Ash";17;39;208359,8215019908051430446517562682593481;337041,1505020853853367611121437565841627;"36:0 | 38:0 | 39:0 | 40:0 | 37:1 | Grand total:1";895;608;139733;444;1;0,2;0,7758620689655172413793103448275862068966;7990;6790;56,33333333333333333333333333333333333329;40
"DR004AWCSM79";"FOOTWEAR";"ANKLE BOOTS";"/D/R/DR004AWCSM79_1.jpg";"Dr. Martens";22;37;194842,5223984591218233138685331675125546;334155,9509957957679400961518980984950856;"4:0 | 5:0 | 6,5:0 | 6:0 | 7:0 | 3:1 | Grand total:1";1350;979;293094;845;1;0,166666667;0,6315789473684210526315789473684210526316;7990;6390;45,80952380952380952380952380952380952376;41
"LA002AWBOE88";"FOOTWEAR";"ANKLE BOOTS";"/L/A/LA002AWBOE88_1.jpg";"Lamania";91;108;114908,7336497968937601869450583123414658;332063,6438840604546219894989150796549953;"40:0 | 36:20 | 38:27 | 39:31 | 37:39 | Grand total:117";2743;2064;609888;1722;117;0,8;0,2902208201892744479495268138801261829653;2690;1210;8,74766355140186915887850467289719626168;42
"LA002AWBMP65";"FOOTWEAR";"ANKLE BOOTS";"/L/A/LA002AWBMP65_1.jpg";"Lamania";85;112;132899,3323593477288992194369557463113788;331031,5174173564798213341798649558138769;"36:0 | 37:0 | 38:0 | 39:0 | 40:0 | Grand total:0";5443;3864;372206;1709;0;0;0,7462686567164179104477611940298507462687;2490;1240;39,89041095890410958904109589041095890409;43
"DO005AWDDL22";"FOOTWEAR";"ANKLE BOOTS";"/D/O/DO005AWDDL22_1.jpg";"Dorothy Perkins";46;69;117407,3014979788954749911805143893603602;329619,7574110662654732604354432994442768;"7:0 | 8:0 | 6:7 | 3:9 | 5:12 | 4:15 | Grand total:43";2417;1960;493280;1649;43;0,666666667;0,2941176470588235294117647058823529411765;4190;2300;13,69465648854961832061068702290076335873;44
"LA002AWBOK65";"FOOTWEAR";"ANKLE BOOTS";"/L/A/LA002AWBOK65_1.jpg";"Lamania";97;124;136339,7809695191016389979314402731793974;323249,0984175685381006656186684146638304;"36:0 | 40:0 | 37:14 | 38:23 | 39:38 | Grand total:75";4803;3919;804184;2868;75;0,6;0,4952978056426332288401253918495297805643;2490;1240;13,15918367346938775510204081632653061229;45
"AL028AWCWG83";"FOOTWEAR";"ANKLE BOOTS";"/A/L/AL028AWCWG83_1.jpg";"Aldo";20;46;178855;319500;"35:0 | 37:0 | 40:0 | 41:0 | 36:1 | 38:6 | 39:8 | Grand total:15";1480;1197;148976;896;15;0,428571429;0,5409836065573770491803278688524590163934;6390;4470;23,45098039215686274509803921568627450986;46
"LA002AWBOE84";"FOOTWEAR";"ANKLE BOOTS";"/L/A/LA002AWBOE84_1.jpg";"Lamania";75;99;105390,4730294348046912300575561927997747;312975,6674254296927892946690257668273733;"40:16 | 36:26 | 38:42 | 39:47 | 37:56 | Grand total:187";2960;2259;705460;1926;187;1;0,2721518987341772151898734177215189873418;2790;1250;5,7972972972972972972972972972972972973;47
"SP004AWDFJ27";"FOOTWEAR";"ANKLE BOOTS";"/S/P/SP004AWDFJ27_1.jpg";"Spurr";106;145;165473,5943487381947822321557697068643925;311670,3594297927721758676054655890892554;"10:0 | 6:0 | 7:0 | 8:0 | 9:2 | Grand total:2";5657;4275;667669;3260;2;0,2;0,6958525345622119815668202764976958525346;1990;1190;39,27083333333333333333333333333333333329;48
"LA002AWCUY95";"FOOTWEAR";"ANKLE BOOTS";"/L/A/LA002AWCUY95_1_v1.jpg";"Lamania";79;126;277988,9369959713253527368293812258620369;310281,0595089352813425178964662598415485;"35:1 | 36:7 | 40:28 | 39:68 | 38:85 | 37:91 | Grand total:280";4467;3475;606749;2946;280;1;0,2098765432098765432098765432098765432099;2190;2190;5,11076443057722308892355694227769110764;49
"RO233AWCQB72";"FOOTWEAR";"ANKLE BOOTS";"/R/O/RO233AWCQB72_1.jpg";"Roberto Botticelli";4;5;92972,1437982240774252321898557716216657;303175,474983605109283535868369077115892;"36:0 | 38:0 | 39:0 | 40:0 | 37:1 | Grand total:1";193;164;84255;126;1;0,2;0,5;29990;22490;21,66666666666666666666666666666666666671;50
"WI064AWCYQ09";"FOOTWEAR";"ANKLE BOOTS";"/W/I/WI064AWCYQ09_1.jpg";"Wilmar";37;57;177555,1534193109756343487507716523834901;301091,8428989400249958941766286752422336;"37:0 | 38:0 | 39:0 | 41:0 | 40:1 | 36:3 | Grand total:4";1869;1182;527139;907;4;0,333333333;0,7722772277227722772277227722772277227723;4490;4040;35,28571428571428571428571428571428571423;51
"MA002AWDAL76";"FOOTWEAR";"ANKLE BOOTS";"/M/A/MA002AWDAL76_1.jpg";"Mango";28;56;169119,7863147495357329888133964649924942;300266,3823514196615785541445247635119013;"36:0 | 37:0 | 38:0 | 41:0 | 39:1 | 40:1 | Grand total:2";1967;1551;139320;981;2;0,333333333;0,7142857142857142857142857142857142857143;4499;2999;63,30434782608695652173913043478260869559;52
"LA002AWBOE44";"FOOTWEAR";"ANKLE BOOTS";"/L/A/LA002AWBOE44_1.jpg";"Lamania";62;91;219322,0682431040498415463653316714540973;298685,882803515386333044821175555794507;"36:0 | 37:0 | 38:0 | 40:8 | 39:11 | Grand total:19";3026;2351;206378;1670;19;0,4;0,8045602605863192182410423452768729641694;2990;2540;26,88636363636363636363636363636363636366;53
"MA002AWDAX61";"FOOTWEAR";"ANKLE BOOTS";"/M/A/MA002AWDAX61_1.jpg";"Mango";26;38;143242,1139891408961170796894781738428773;295354,1684337199798595040951609328826092;"36:0 | 37:0 | 38:0 | 39:0 | 40:0 | 41:0 | Grand total:0";1763;1286;112363;890;0;0;0,6774193548387096774193548387096774193548;5999;3999;47,04761904761904761904761904761904761906;54
"LO019AWCSW33";"FOOTWEAR";"ANKLE BOOTS";"/L/O/LO019AWCSW33_1_v1.jpg";"LOST INK.";41;75;243830,1057779767356449155098579034124958;294888,4823972481714036263272379608089134;"36:17 | 40:33 | 37:96 | 38:143 | 39:143 | Grand total:432";2312;1912;376271;1498;432;1;0,09;3790;3790;2,14050493962678375411635565312843029638;55
"SP004AWDME71";"FOOTWEAR";"ANKLE BOOTS";"/S/P/SP004AWDME71_1.jpg";"Spurr";67;101;165398,5818663271873592125361169712335315;293495,8731083562973603017438792392496689;"10:12 | 6:12 | 8:25 | 7:28 | 9:45 | Grand total:122";3524;2724;645537;2092;122;1;0,2843137254901960784313725490196078431373;2490;1860;8,41666666666666666666666666666666666667;56
"LA002AWBQE53";"FOOTWEAR";"ANKLE BOOTS";"/L/A/LA002AWBQE53_1.jpg";"Lamania";113;139;154342,8091795522157861501577268306402359;289687,1500160503158403749655048254598537;"36:0 | 37:0 | 39:0 | 40:0 | 38:1 | Grand total:1";5758;4522;426312;4736;1;0,2;0,6789297658862876254180602006688963210702;1990;1190;41,06818181818181818181818181818181818183;57
"SE011AWDGB30";"FOOTWEAR";"ANKLE BOOTS";"/S/E/SE011AWDGB30_1.jpg";"See by Chloe";4;8;122655,5208007655591088388535446669502716;284470,974001588127938548685544787822372;"38:0 | 40:0 | 36:1 | 37:1 | 39:1 | Grand total:3";296;245;104526;201;3;0,6;0,25;26990;21590;20,8;58
"SE011AWDGB31";"FOOTWEAR";"ANKLE BOOTS";"/S/E/SE011AWDGB31_1.jpg";"See by Chloe";4;10;161682,4102010324161736834461289500957096;284079,017001720693622805743548250159516;"39:0 | 40:0 | 36:1 | 37:1 | 38:1 | Grand total:3";370;310;104998;230;3;0,6;0,5;27490;21990;28,88888888888888888888888888888888888886;59
"SP004AWDFJ34";"FOOTWEAR";"ANKLE BOOTS";"/S/P/SP004AWDFJ34_1.jpg";"Spurr";94;116;127274,5623337914102426403940146914740927;275896,8903221069695298485527605827695692;"10:0 | 6:0 | 8:4 | 7:6 | 9:17 | Grand total:27";3028;2212;550486;1825;27;0,6;0,5707762557077625570776255707762557077626;1990;1190;21,23943661971830985915492957746478873242;60
"SP004AWDME52";"FOOTWEAR";"ANKLE BOOTS";"/S/P/SP004AWDME52_1_v1.jpg";"Spurr";66;94;169124,4807028278967855653881522715866897;274285,3194034749212692994603359205603762;"6:2 | 10:6 | 7:8 | 9:21 | 8:23 | Grand total:60";7235;6347;963686;3792;60;1;0,4172185430463576158940397350993377483444;2490;1990;13,21081081081081081081081081081081081086;61
"LA002AWBOK66";"FOOTWEAR";"ANKLE BOOTS";"/L/A/LA002AWBOK66_1.jpg";"Lamania";71;98;112789,3328244463708286827016830700936118;273123,7174107771050278164608303714173062;"36:0 | 40:0 | 37:1 | 39:1 | 38:2 | Grand total:4";2960;2283;487234;1559;4;0,6;0,712264150943396226415094339622641509434;2490;1240;34,43243243243243243243243243243243243245;62
"LA002AWCUV19";"FOOTWEAR";"ANKLE BOOTS";"/L/A/LA002AWCUV19_1.jpg";"Lamania";32;62;224067,0495616176906598998291364641143357;272952,7676171729721783370397463470304046;"35:4 | 39:19 | 36:49 | 37:80 | 38:84 | Grand total:236";2443;1985;373241;1599;236;1;0,1561461794019933554817275747508305647841;3490;3490;3,19207920792079207920792079207920792079;63
"VI994AWCHA13";"FOOTWEAR";"ANKLE BOOTS";"/V/I/VI994AWCHA13_1.jpg";"Vicini";5;5;101626;271920;"36:0 | 37:0 | 38:0 | 39:0 | 40:0 | Grand total:0";257;213;60013;128;0;0;0,5;33990;28890;26;64
"CL567AWCEO12";"FOOTWEAR";"ANKLE BOOTS";"/C/L/CL567AWCEO12_1.jpg";"Clarks";14;26;123402,2133900141074124745725795113686012;271498,7975000243842767473756088348608757;"3,5:0 | 5,5:0 | 5:0 | 6,5:0 | 6:0 | 4,5:1 | 4:5 | Grand total:6";931;640;115992;427;6;0,285714286;0,4166666666666666666666666666666666666667;10390;6230;27,04;65
"AL028AWCWG91";"FOOTWEAR";"ANKLE BOOTS";"/A/L/AL028AWCWG91_1.jpg";"Aldo";13;30;151138,647469989276407338092324146099088;271356,5717999849489318731778666639937468;"36:0 | 37:0 | 40:0 | 41:0 | 38:1 | 39:4 | Grand total:5";930;722;125282;582;5;0,333333333;0,4838709677419354838709677419354838709677;8690;6080;30,00000000000000000000000000000000000003;66
"SP004AWDME77";"FOOTWEAR";"ANKLE BOOTS";"/S/P/SP004AWDME77_1.jpg";"Spurr";67;102;170510,7635343274393936949056430318796755;271229,4018059445812363892364294234217822;"10:0 | 9:0 | 6:1 | 8:1 | 7:3 | Grand total:5";6057;4934;1174379;3988;5;0,6;0,6732673267326732673267326732673267326733;2490;1860;33,56962025316455696202531645569620253169;67
"LA002AWBNN69";"FOOTWEAR";"ANKLE BOOTS";"/L/A/LA002AWBNN69_1.jpg";"Lamania";42;58;87819,4251198236585877628025373242455656;269643,2867029284045320125814645607252515;"36:0 | 39:0 | 40:0 | 37:1 | 38:1 | Grand total:2";2061;1331;107452;1201;2;0,4;0,759689922480620155038759689922480620155;3990;1790;44,35294117647058823529411764705882352945;68
"VE002AWDIX34";"FOOTWEAR";"ANKLE BOOTS";"/V/E/VE002AWDIX34_1.jpg";"VELVET";10;29;144244,5089996858010380766555530030642928;260531,0179993716020761533111060061285856;"38:0 | 37:2 | 39:2 | 40:2 | 36:8 | Grand total:14";1178;838;254939;713;14;0,8;0,5609756097560975609756097560975609756098;8490;6790;20,94444444444444444444444444444444444443;69
"LA002AWBOE59";"FOOTWEAR";"ANKLE BOOTS";"/L/A/LA002AWBOE59_1.jpg";"Lamania";73;120;145812,271831796208205386932000300237389;259082,3210102498729910452989628073008263;"36:0 | 37:0 | 38:0 | 40:0 | 39:6 | Grand total:6";3127;2384;369785;1460;6;0,2;0,8284789644012944983818770226537216828479;1990;1290;32,5;70
"BA097AWDAV36";"FOOTWEAR";"ANKLE BOOTS";"/B/A/BA097AWDAV36_1.jpg";"Baldinini";3;5;77990,4999991811610000278405259990534221;256173,8499986313691000465334505984178627;"37:0 | 38:1 | 40:1 | 36:2 | 39:3 | Grand total:7";472;382;145670;291;7;0,8;0,3571428571428571428571428571428571428571;26990;22940;8,66666666666666666666666666666666666667;71
"SE011AWDGB34";"FOOTWEAR";"ANKLE BOOTS";"/S/E/SE011AWDGB34_1.jpg";"See by Chloe";5;11;144903;252890;"36:0 | 38:0 | 39:0 | 40:0 | 37:2 | Grand total:2";621;515;147721;489;2;0,2;0,375;22990;17240;28,6;72
"DO005AWDLT84";"FOOTWEAR";"ANKLE BOOTS";"/D/O/DO005AWDLT84_1.jpg";"Dorothy Perkins";33;59;144401,6844052483413264346757682689612376;251938,5539092261256795847217687802378104;"7:0 | 8:1 | 3:7 | 6:7 | 4:11 | 5:15 | Grand total:41";2415;2009;468070;1568;41;0,833333333;0,32;3990;2590;12,37096774193548387096774193548387096774;73
"DO005AWDFF59";"FOOTWEAR";"ANKLE BOOTS";"/D/O/DO005AWDFF59_1.jpg";"Dorothy Perkins";31;54;102071,7448939737520831018280130281448753;250599,6426086683796385349897082040038492;"8:0 | 7:1 | 6:8 | 3:11 | 4:17 | 5:17 | Grand total:54";2414;2032;584696;1637;54;0,833333333;0,2376237623762376237623762376237623762376;4190;2300;9,88732394366197183098591549295774647887;74
"CA556AWCVO16";"FOOTWEAR";"ANKLE BOOTS";"/C/A/CA556AWCVO16_1.jpg";"Capodarte";12;22;80638,5003488118930122091512317963156327;248196,2204966468060623324477273693925522;"36:0 | 37:0 | 38:0 | 39:0 | 40:0 | Grand total:0";725;530;151234;488;0;0;0,5;9390;4690;43,99999999999999999999999999999999999994;75
"TI007AWDIO28";"FOOTWEAR";"ANKLE BOOTS";"/T/I/TI007AWDIO28_1.jpg";"Timberland";9;21;135359,2617512938536471719385817804912717;247803,8300022716883337946456405622624205;"5,5:0 | 7:0 | 8:0 | 9:0 | 6:1 | Grand total:1";878;670;143059;496;1;0,2;0,7142857142857142857142857142857142857143;10690;8010;39;76
"AL028AWCWG71";"FOOTWEAR";"ANKLE BOOTS";"/A/L/AL028AWCWG71_1.jpg";"Aldo";14;30;112067;247690;"36:0 | 39:0 | 40:0 | 41:0 | 37:1 | 38:1 | Grand total:2";734;499;60056;252;2;0,333333333;0,6666666666666666666666666666666666666667;7990;4790;48,75;77
"SP004AWDFJ38";"FOOTWEAR";"ANKLE BOOTS";"/S/P/SP004AWDFJ38_1.jpg";"Spurr";71;115;129406,6929301860793701898112014401505815;246512,7479089930642060901354207076646243;"10:0 | 7:0 | 8:0 | 6:1 | 9:2 | Grand total:3";5988;4400;314816;3943;3;0,4;0,8392282958199356913183279742765273311897;1990;1190;71,19047619047619047619047619047619047624;78
"DO005AWDGK11";"FOOTWEAR";"ANKLE BOOTS";"/D/O/DO005AWDGK11_1.jpg";"Dorothy Perkins";61;81;91521,4321801055745925252575540496402725;246382,7867997790631301639843349262500299;"7:0 | 8:0 | 6:3 | 5:6 | 3:10 | 4:14 | Grand total:33";2079;1557;375256;1110;33;0,666666667;0,3524590163934426229508196721311475409836;2690;1470;15,83458646616541353383458646616541353386;79
"SP004AWDME51";"FOOTWEAR";"ANKLE BOOTS";"/S/P/SP004AWDME51_1_v1.jpg";"Spurr";67;90;171117,878645866711036477818743395867406;245782,8125909554225123715176162436848987;"10:0 | 6:0 | 7:0 | 8:6 | 9:11 | Grand total:17";3439;2645;376910;1392;17;0,4;0,4821428571428571428571428571428571428571;2490;1990;23,63636363636363636363636363636363636366;80
"AS069AWDFT09";"FOOTWEAR";"ANKLE BOOTS";"/A/S/AS069AWDFT09_1.jpg";"Ash";12;27;162883,2924999597901225001206296324996382;245646,5799999581902600001254292199996238;"36:0 | 37:0 | 38:0 | 39:0 | 40:0 | Grand total:0";631;429;71208;304;0;0;0,75;7990;7190;70,2;81
"SP004AWDFJ28";"FOOTWEAR";"ANKLE BOOTS";"/S/P/SP004AWDFJ28_1.jpg";"Spurr";80;102;119139,4721081870201593987124423326616326;244911,9127143814694239666222260318547247;"10:0 | 6:0 | 9:3 | 8:5 | 7:9 | Grand total:17";3618;2878;651930;2345;17;0,6;0,5802469135802469135802469135802469135802;1990;1190;24,10909090909090909090909090909090909085;82
"DI004AWCKT43";"FOOTWEAR";"ANKLE BOOTS";"/D/I/DI004AWCKT43_1.jpg";"Dino Ricci";9;29;130780,7973493136085380412871666864905181;244530,8749983869543301060078484993714426;"38:0 | 40:0 | 36:1 | 37:1 | 39:1 | Grand total:3";629;503;151533;426;3;0,6;0,6;7490;5240;47,125;83
"LA002AWBQE59";"FOOTWEAR";"ANKLE BOOTS";"/L/A/LA002AWBQE59_1.jpg";"Lamania";76;109;129409,9600953251571778162441965239522123;242974,0406255926228828575650603542519843;"36:0 | 37:0 | 38:0 | 40:0 | 39:2 | Grand total:2";4034;3063;272779;2265;2;0,2;0,7523510971786833855799373040752351097179;1990;1190;55,5686274509803921568627450980392156863;84
"MA002AWCXG68";"FOOTWEAR";"ANKLE BOOTS";"/M/A/MA002AWCXG68_1.jpg";"Mango";23;42;99154,6213043147783416332651533963493116;240047,3170689460091128945719939475958753;"36:0 | 37:0 | 38:0 | 39:0 | 40:0 | 41:0 | Grand total:0";1573;1263;65529;963;0;0;0,6511627906976744186046511627906976744186;4499;2249;218,4;85
"BA097AWCRG47";"FOOTWEAR";"ANKLE BOOTS";"/B/A/BA097AWCRG47_1.jpg";"Baldinini";3;8;152341;239920;"37:0 | 38:0 | 36:1 | 39:1 | 40:1 | Grand total:3";599;514;81819;323;3;0,6;0,7692307692307692307692307692307692307692;29990;25490;41,6;86
"RO233AWCQB79";"FOOTWEAR";"ANKLE BOOTS";"/R/O/RO233AWCQB79_1.jpg";"Roberto Botticelli";5;7;104805;239920;"36:0 | 37:0 | 38:0 | 39:0 | 40:0 | Grand total:0";308;262;61729;184;0;0;0,375;29990;22490;45,5;86
"RO233AWCQB77";"FOOTWEAR";"ANKLE BOOTS";"/R/O/RO233AWCQB77_1.jpg";"Roberto Botticelli";3;8;150638,4999989472070000357949619987829713;236515,9999985962760000477266159983772951;"36:0 | 37:0 | 38:0 | 39:0 | 40:0 | Grand total:0";347;292;79504;229;0;0;0,5;27890;20910;52;88
"AS069AWCNB36";"FOOTWEAR";"ANKLE BOOTS";"/A/S/AS069AWCNB36_1.jpg";"Ash";14;29;138770,6669024367545401434395826972855642;234163,9770040917933380854749884891762606;"37:0 | 38:0 | 36:1 | 40:1 | 39:3 | Grand total:5";847;594;169328;431;5;0,6;0,6829268292682926829268292682926829268293;7790;6620;27,92592592592592592592592592592592592595;89
"ST001AWCCD34";"FOOTWEAR";"ANKLE BOOTS";"/S/T/ST001AWCCD34_1.jpg";"Stuart Weitzman";6;7;117150;227920;"37:0 | 38:0 | 39:0 | 40:0 | 36:1 | Grand total:1";247;214;100929;167;1;0,2;0,25;28490;21360;30,33333333333333333333333333333333333329;90
"MA143AWCLU89";"FOOTWEAR";"ANKLE BOOTS";"/M/A/MA143AWCLU89_1.jpg";"Marco Tozzi";30;47;135870,5189151502937490695156293143660886;227135,6217058767499450025760796817801945;"36:0 | 37:0 | 38:0 | 39:0 | 41:0 | 40:1 | Grand total:1";2124;1447;105590;872;1;0,166666667;0,75;4390;3730;42,13793103448275862068965517241379310339;91
"DO005AWDGK16";"FOOTWEAR";"ANKLE BOOTS";"/D/O/DO005AWDGK16_1.jpg";"Dorothy Perkins";40;57;98024,8403502763640174452334658564372391;226761,8469032777243483158601665490896552;"7:0 | 8:0 | 6:8 | 4:10 | 5:16 | Grand total:34";2138;1789;432285;1493;34;0,6;0,3402061855670103092783505154639175257732;3490;2090;13,8504672897196261682242990654205607477;92
"VA468AWDUA88";"FOOTWEAR";"ANKLE BOOTS";"/V/A/VA468AWDUA88_1_v1.jpg";"Vagabond";14;32;178826,4880003601645571676888034468414328;224886,7203988420632467321386729959341424;"36:0 | 37:0 | 38:0 | 39:0 | 40:0 | 41:0 | Grand total:0";1556;991;85038;516;0;0;0,7916666666666666666666666666666666666667;5990;5990;59,42857142857142857142857142857142857141;93
"MA002AWDAK24";"FOOTWEAR";"ANKLE BOOTS";"/M/A/MA002AWDAK24_1.jpg";"Mango";22;33;88162,9955701635566638432758115857056647;222719,0278203101820580393596359407830379;"36:0 | 37:0 | 38:0 | 39:0 | 41:0 | 40:1 | Grand total:1";829;618;83976;428;1;0,166666667;0,744186046511627906976744186046511627907;5499;2699;47,66666666666666666666666666666666666671;94
"MA143AWCLU63";"FOOTWEAR";"ANKLE BOOTS";"/M/A/MA143AWCLU63_1.jpg";"Marco Tozzi";31;46;81648,827250141636969920376893584891244;222404,90550022228001010018823676544456;"36:0 | 37:0 | 39:0 | 40:0 | 41:0 | 38:1 | Grand total:1";1570;893;29621;505;1;0,166666667;0,7913669064748201438848920863309352517986;4290;2570;29,9;95
"DO005AWDGK17";"FOOTWEAR";"ANKLE BOOTS";"/D/O/DO005AWDGK17_1.jpg";"Dorothy Perkins";43;59;104753,4950035346625734772861778643157374;222324,2054992753561195505962085298807812;"3:0 | 6:0 | 7:0 | 8:0 | 5:1 | 4:10 | Grand total:11";1582;1158;215313;821;11;0,333333333;0,475;3490;2090;25,14754098360655737704918032786885245901;96
"VA468AWCMJ09";"FOOTWEAR";"ANKLE BOOTS";"/V/A/VA468AWCMJ09_1.jpg";"Vagabond";20;35;191620,0810010082716391160225781418241433;220970,5578014598697740646327664444779578;"36:0 | 37:0 | 38:0 | 39:0 | 40:0 | 41:0 | Grand total:0";2142;1471;142488;916;0;0;0,8450704225352112676056338028169014084507;5490;5490;56,875;97
"CL567AWCEO10";"FOOTWEAR";"ANKLE BOOTS";"/C/L/CL567AWCEO10_1.jpg";"Clarks";5;20;107288;219780;"3,5:0 | 4,5:0 | 5:0 | 6,5:0 | 6:0 | 4:1 | 5,5:1 | Grand total:2";729;494;33065;258;2;0,285714286;0,6666666666666666666666666666666666666667;9990;7490;86,66666666666666666666666666666666666671;98
"VI994AWCHA11";"FOOTWEAR";"ANKLE BOOTS";"/V/I/VI994AWCHA11_1.jpg";"Vicini";4;4;82173;218940;"37:0 | 39:0 | 40:0 | 36:1 | 38:1 | Grand total:2";289;259;100658;228;2;0,4;0,1666666666666666666666666666666666666667;36490;29190;14,85714285714285714285714285714285714282;99
"LA002AWCYY46";"FOOTWEAR";"ANKLE BOOTS";"/L/A/LA002AWCYY46_1_v1.jpg";"Lamania";24;43;169344,091666450049839222106954224294544;216827,7185097032616806670331450251735863;"35:9 | 39:24 | 36:61 | 37:78 | 38:86 | Grand total:258";2656;2123;389577;1927;258;1;0,0696864111498257839721254355400696864111;3990;3990;0;100
